"DESCRIPTION","DURATION IN MS","NAME","PARENT SUITE","START TIME","STATUS","STOP TIME","SUB SUITE","SUITE","TEST CLASS","TEST METHOD"
"","299","test_api_boundary_limit_parameter","tests.api.products","2026-10-02","passed","2026-10-02","","test_api_product_pagination_params","",""
"","121","test_api_core_endpoints[/comments]","tests.api.connectivity","2026-10-02","passed","2026-10-02","","test_api_reachable","",""
"","127","test_ui_login_checkout_empty_lastname","tests.ui","2026-10-02","passed","2026-10-02","","test_checkoutpage","",""
"","119","test_api_repeatedly_deleting_recipe","tests.api.recipes","2026-10-02","skipped","2026-10-02","","test_api_delete_recipes","",""
"","118","test_api_non_existing_product","tests.api.products","2026-10-02","passed","2026-10-02","","test_api_product_search_workflow","",""
"","115","test_api_check_response_field_type","tests.api.response","2026-10-02","passed","2026-10-02","","test_api_response_validation","",""
"","60","test_api_endpoint_body_form[/products-products]","tests.api.connectivity","2026-10-02","passed","2026-10-02","","test_api_reachable","",""
"","322","test_api_cart_total_coherance","tests.api.carts","2026-10-02","passed","2026-10-02","","test_api_cart","",""
"","116","test_api_response_single_recipe_schema","tests.api.response","2026-10-02","passed","2026-10-02","","test_api_response_schema","",""
"","239","test_valide_auth_protected_endpoint_access","tests.api.auth","2026-10-02","passed","2026-10-02","","test_user_login","",""
"","30046","test_ui_bypass_loginpage_to_inventorypage","tests.ui","2026-10-02","broken","2026-10-02","","test_inventorypage","",""
"","5934","test_ui_resetting_app_state","tests.ui","2026-10-02","passed","2026-10-02","","test_navigation","",""
"","284","test_ui_checkout_happy_path_performance[2]","tests.performance.k6.ui","2026-10-02","passed","2026-10-02","","test_ui_performance_test_happy_path_checkout","",""
"","122","test_api_get_recipe_by_id","tests.api.recipes","2026-10-02","passed","2026-10-02","","test_api_fetch_recipes","",""
"","216","test_ui_checkout_happy_path_performance[4]","tests.performance.k6.ui","2026-10-02","passed","2026-10-02","","test_ui_performance_test_happy_path_checkout","",""
"","126","test_api_verify_skip_parameter","tests.api.products","2026-10-02","passed","2026-10-02","","test_api_product_pagination_params","",""
"","128","test_api_core_endpoints[/carts]","tests.api.connectivity","2026-10-02","passed","2026-10-02","","test_api_reachable","",""
"","69","test_api_core_endpoints[/products]","tests.api.connectivity","2026-10-02","passed","2026-10-02","","test_api_reachable","",""
"","122","test_api_core_endpoints[/todos]","tests.api.connectivity","2026-10-02","passed","2026-10-02","","test_api_reachable","",""
"","254","test_ui_login_add_items_to_cart_checkout","tests.ui","2026-10-02","passed","2026-10-02","","test_checkoutpage","",""
"","324","test_ui_invalid_username_shows_err","tests.ui","2026-10-02","passed","2026-10-02","","test_loginpage","",""
"","119","test_api_check_str_not_empty","tests.api.response","2026-10-02","passed","2026-10-02","","test_api_response_validation","",""
"","193","test_login_invalid_credentials","tests.api.auth","2026-10-02","passed","2026-10-02","","test_user_login","",""
"","198","test_api_high_limit_parameter","tests.api.products","2026-10-02","passed","2026-10-02","","test_api_product_pagination_params","",""
"","217","test_ui_login_refresh_page_check_cart_count_persists","tests.ui","2026-10-02","passed","2026-10-02","","test_inventorypage","",""
"","69","test_api_core_endpoints[/users]","tests.api.connectivity","2026-10-02","passed","2026-10-02","","test_api_reachable","",""
"","331","test_ui_locked_out_user_shows_err","tests.ui","2026-10-02","passed","2026-10-02","","test_loginpage","",""
"","121","test_api_core_endpoints[/recipes]","tests.api.connectivity","2026-10-02","passed","2026-10-02","","test_api_reachable","",""
"","131","test_api_add_recipe_empty_body","tests.api.negative.recipes","2026-10-02","skipped","2026-10-02","","test_api_recipes_negative_workflow","",""
"","173","test_login_valid_credentials","tests.api.auth","2026-10-02","passed","2026-10-02","","test_user_login","",""
"","183","test_api_user_sort_query","tests.api.query","2026-10-02","passed","2026-10-02","","test_api_query_parameters_workflow","",""
"","125","test_api_endpoint_body_form[/todos-todos]","tests.api.connectivity","2026-10-02","passed","2026-10-02","","test_api_reachable","",""
"","66","test_api_endpoint_body_form[/users-users]","tests.api.connectivity","2026-10-02","passed","2026-10-02","","test_api_reachable","",""
"","125","test_api_verify_skip_limit_parameters","tests.api.products","2026-10-02","passed","2026-10-02","","test_api_product_pagination_params","",""
"","280","test_protected_endpoint_access_invalid_auth","tests.api.auth","2026-10-02","passed","2026-10-02","","test_user_login","",""
"","185","test_api_negative_skip_parameter","tests.api.negative.products","2026-10-02","failed","2026-10-02","","test_api_products_negative_workflow","",""
"","254","test_ui_checkout_happy_path_performance[3]","tests.performance.k6.ui","2026-10-02","passed","2026-10-02","","test_ui_performance_test_happy_path_checkout","",""
"","128","test_api_add_recipe_with_missing_required_fields","tests.api.negative.recipes","2026-10-02","skipped","2026-10-02","","test_api_recipes_negative_workflow","",""
"","133","test_api_user_filter_query","tests.api.query","2026-10-02","passed","2026-10-02","","test_api_query_parameters_workflow","",""
"","119","test_unauthorized_products_listing","tests.api.auth","2026-10-02","passed","2026-10-02","","test_user_login","",""
"","30424","test_ui_login_and_logout","tests.ui","2026-10-02","broken","2026-10-02","","test_loginpage","",""
"","30016","test_ui_visit_twitter","tests.ui","2026-10-02","broken","2026-10-02","","test_navigation","",""
"","122","test_api_endpoint_body_form[/carts-carts]","tests.api.connectivity","2026-10-02","passed","2026-10-02","","test_api_reachable","",""
"","40","test_ui_login_check_cart_count_matches","tests.ui","2026-10-02","passed","2026-10-02","","test_cartpage","",""
"","119","test_api_is_reachable","tests.api.connectivity","2026-10-02","passed","2026-10-02","","test_api_reachable","",""
"","117","test_api_invalid_product_id","tests.api.products","2026-10-02","passed","2026-10-02","","test_api_product_pagination_params","",""
"","232","test_api_partial_update_recipe","tests.api.recipes","2026-10-02","passed","2026-10-02","","test_api_write_recipes","",""
"","177","test_api_boundary_skip_parameter","tests.api.products","2026-10-02","passed","2026-10-02","","test_api_product_pagination_params","",""
"","239","test_api_zero_limit_parameter","tests.api.products","2026-10-02","passed","2026-10-02","","test_api_product_pagination_params","",""
"","216","test_ui_checkout_happy_path_performance[5]","tests.performance.k6.ui","2026-10-02","passed","2026-10-02","","test_ui_performance_test_happy_path_checkout","",""
"","210","test_ui_new_tab","tests.ui","2026-10-02","passed","2026-10-02","","test_inventorypage","",""
"","118","test_api_add_recipe","tests.api.recipes","2026-10-02","failed","2026-10-02","","test_api_write_recipes","",""
"","124","test_api_response_error_schema","tests.api.response","2026-10-02","passed","2026-10-02","","test_api_response_schema","",""
"","98","test_ui_login_items_checked","tests.ui","2026-10-02","passed","2026-10-02","","test_inventorypage","",""
"","190","test_api_get_all_recipes","tests.api.recipes","2026-10-02","passed","2026-10-02","","test_api_fetch_recipes","",""
"","65","test_api_endpoint_body_form[/posts-posts]","tests.api.connectivity","2026-10-02","passed","2026-10-02","","test_api_reachable","",""
"","120","test_api_malformed_auth_token","tests.api.negative.auth","2026-10-02","passed","2026-10-02","","test_api_auth_negative_workflow","",""
"","232","test_api_patch_recipe_attributes","tests.api.recipes","2026-10-02","passed","2026-10-02","","test_api_write_recipes","",""
"","118","test_api_invalid_method","tests.api.negative.recipes","2026-10-02","skipped","2026-10-02","","test_api_recipes_negative_workflow","",""
"","127","test_api_endpoint_body_form[/recipes-recipes]","tests.api.connectivity","2026-10-02","passed","2026-10-02","","test_api_reachable","",""
"","174","test_api_high_skip_parameter","tests.api.products","2026-10-02","passed","2026-10-02","","test_api_product_pagination_params","",""
"","128","test_api_get_all_carts","tests.api.carts","2026-10-02","passed","2026-10-02","","test_api_cart","",""
"","127","test_api_get_cart_by_id","tests.api.carts","2026-10-02","passed","2026-10-02","","test_api_cart","",""
"","124","test_api_empty_auth_header","tests.api.negative.auth","2026-10-02","passed","2026-10-02","","test_api_auth_negative_workflow","",""
"","237","test_ui_new_session","tests.ui","2026-10-02","passed","2026-10-02","","test_inventorypage","",""
"","1067","test_ui_visit_about","tests.ui","2026-10-02","passed","2026-10-02","","test_navigation","",""
"","115","test_api_retreive_deleted_recipe","tests.api.recipes","2026-10-02","skipped","2026-10-02","","test_api_delete_recipes","",""
"","59","test_api_products_collection","tests.api.products","2026-10-02","passed","2026-10-02","","test_api_products","",""
"","132","test_ui_login_checkout_empty_firstname","tests.ui","2026-10-02","passed","2026-10-02","","test_checkoutpage","",""
"","125","test_api_body_parseable","tests.api.response","2026-10-02","passed","2026-10-02","","test_api_response_validation","",""
"","126","test_api_core_endpoints[/quotes]","tests.api.connectivity","2026-10-02","passed","2026-10-02","","test_api_reachable","",""
"","127","test_api_str_limit_parameter","tests.api.negative.products","2026-10-02","passed","2026-10-02","","test_api_products_negative_workflow","",""
"","120","test_api_get_cart_by_user","tests.api.carts","2026-10-02","passed","2026-10-02","","test_api_cart","",""
"","119","test_ui_login_checkout_empty_form","tests.ui","2026-10-02","passed","2026-10-02","","test_checkoutpage","",""
"","266","test_ui_login_sort_items","tests.ui","2026-10-02","passed","2026-10-02","","test_inventorypage","",""
"","116","test_api_update_non_existing_recipe_fields","tests.api.recipes","2026-10-02","passed","2026-10-02","","test_api_write_recipes","",""
"","121","test_api_str_skip_parameter","tests.api.negative.products","2026-10-02","passed","2026-10-02","","test_api_products_negative_workflow","",""
"","116","test_api_response_auth_response_schema","tests.api.response","2026-10-02","passed","2026-10-02","","test_api_response_schema","",""
"","124","test_api_assert_matching_records","tests.api.products","2026-10-02","passed","2026-10-02","","test_api_product_search_workflow","",""
"","1223","test_ui_visit_facebook","tests.ui","2026-10-02","passed","2026-10-02","","test_navigation","",""
"","307","test_ui_checkout_happy_path_performance[1]","tests.performance.k6.ui","2026-10-02","passed","2026-10-02","","test_ui_performance_test_happy_path_checkout","",""
"","117","test_api_delete_existing_recipe","tests.api.recipes","2026-10-02","passed","2026-10-02","","test_api_delete_recipes","",""
"","115","test_api_update_recipe","tests.api.recipes","2026-10-02","passed","2026-10-02","","test_api_write_recipes","",""
"","325","test_ui_invalid_password_shows_err","tests.ui","2026-10-02","passed","2026-10-02","","test_loginpage","",""
"","122","test_get_user_by_id","tests.api.users","2026-10-02","passed","2026-10-02","","test_api_users","",""
"","115","test_api_delete_non_exisiting_recipe","tests.api.recipes","2026-10-02","passed","2026-10-02","","test_api_delete_recipes","",""
"","134","test_ui_login_checkout_empty_zip","tests.ui","2026-10-02","passed","2026-10-02","","test_checkoutpage","",""
"","59","test_api_core_endpoints[/posts]","tests.api.connectivity","2026-10-02","passed","2026-10-02","","test_api_reachable","",""
"","567","test_ui_login_add_items_to_cart","tests.ui","2026-10-02","passed","2026-10-02","","test_inventorypage","",""
"","140","test_api_response_cart_schema","tests.api.response","2026-10-02","passed","2026-10-02","","test_api_response_schema","",""
"","116","test_api_add_recipe_with_empty_payload","tests.api.recipes","2026-10-02","skipped","2026-10-02","","test_api_write_recipes","",""
"","116","test_api_e2e_login_recipes_booking","tests.api.e2e","2026-10-02","failed","2026-10-02","","test_api_e2e_login_booking_recipes","",""
"","118","test_api_add_recipe_missing_fields","tests.api.recipes","2026-10-02","skipped","2026-10-02","","test_api_write_recipes","",""
"","130","test_api_endpoint_body_form[/comments-comments]","tests.api.connectivity","2026-10-02","passed","2026-10-02","","test_api_reachable","",""
"","244","test_api_zero_skip_parameter","tests.api.products","2026-10-02","passed","2026-10-02","","test_api_product_pagination_params","",""
"","123","test_api_complete_update_recipe","tests.api.recipes","2026-10-02","passed","2026-10-02","","test_api_write_recipes","",""
"","180","test_api_negative_limit_parameter","tests.api.negative.products","2026-10-02","failed","2026-10-02","","test_api_products_negative_workflow","",""
"","119","test_api_search_product_by_keyword","tests.api.products","2026-10-02","passed","2026-10-02","","test_api_product_search_workflow","",""
"","141","test_api_user_search_query","tests.api.query","2026-10-02","passed","2026-10-02","","test_api_query_parameters_workflow","",""
"","118","test_api_product_details","tests.api.products","2026-10-02","passed","2026-10-02","","test_api_single_product_workflow","",""
"","63","test_api_response_products_collection_schema","tests.api.response","2026-10-02","passed","2026-10-02","","test_api_response_schema","",""
"","122","test_api_product_filtering_by_category","tests.api.products","2026-10-02","passed","2026-10-02","","test_api_product_search_workflow","",""
"","1156","test_ui_visit_linkedin","tests.ui","2026-10-02","passed","2026-10-02","","test_navigation","",""
"","117","test_api_response_status_headers","tests.api.response","2026-10-02","passed","2026-10-02","","test_api_response_validation","",""
"","401","test_ui_empty_login_shows_err","tests.ui","2026-10-02","passed","2026-10-02","","test_loginpage","",""
"","76","test_get_all_users","tests.api.users","2026-10-02","passed","2026-10-02","","test_api_users","",""
"","123","test_api_check_non_nullability","tests.api.response","2026-10-02","passed","2026-10-02","","test_api_response_validation","",""
"","126","test_api_verify_limit_parameter","tests.api.products","2026-10-02","passed","2026-10-02","","test_api_product_pagination_params","",""
"","118","test_api_invalid_endpoint","tests.api.negative.recipes","2026-10-02","passed","2026-10-02","","test_api_recipes_negative_workflow","",""
